{
  "train": {
    "bounds": [
      [
        0.0,
        0.6
      ],
      [
        0.0,
        0.05
      ],
      [
        0.0,
        0.3
      ]
    ],
    "sequence_length": 2000,
    "default_connectivity_radius": 0.015,
    "dim": 3,
    "dt": 0.00025,
    "vel_mean": [
      2.697480704227928e-05,
      4.76314525599264e-08,
      -7.25901045370847e-05
    ],
    "vel_std": [
      6.687563291052356e-05,
      4.841576810576953e-05,
      0.00023711721587460488
    ],
    "acc_mean": [
      1.4511051027454869e-08,
      -6.728376883424758e-11,
      5.343983477956726e-09
    ],
    "acc_std": [
      2.405413761152886e-05,
      2.3578133550472558e-05,
      3.3362444810336456e-05
    ]
  },
  "rollout": {
    "bounds": [
      [
        0.0,
        0.6
      ],
      [
        0.0,
        0.05
      ],
      [
        0.0,
        0.3
      ]
    ],
    "sequence_length": 2000,
    "default_connectivity_radius": 0.015,
    "dim": 3,
    "dt": 0.00025,
    "vel_mean": [
      2.697480704227928e-05,
      4.76314525599264e-08,
      -7.25901045370847e-05
    ],
    "vel_std": [
      6.687563291052356e-05,
      4.841576810576953e-05,
      0.00023711721587460488
    ],
    "acc_mean": [
      1.4511051027454869e-08,
      -6.728376883424758e-11,
      5.343983477956726e-09
    ],
    "acc_std": [
      2.405413761152886e-05,
      2.3578133550472558e-05,
      3.3362444810336456e-05
    ]
  }
}